{"cameraMode":{"drawMode":0,"name":"Shaded","section":"Shading Mode"},"sceneLighting":false,"audioPlay":false,"sceneViewState":{"showFog":false,"showMaterialUpdate":false,"showSkybox":false,"showFlares":false,"showImageEffects":false,"showParticleSystems":false},"in2DMode":false,"pivot":{"x":-22.225568771362306,"y":18.510622024536134,"z":-1.9094815254211426},"rotation":{"x":-0.060296472162008288,"y":-0.1934003084897995,"z":-0.011909193359315396,"w":0.9791931509971619},"size":3.7091217041015627,"orthographic":false}